{
    "kl": 10.330597581869988,
    "kd": 0.008157561793630641,
    "kb": 38.89603457394226
}
