{
    "kl": 7.393037915922224,
    "kd": 0.31363437360291624,
    "kb": 72.17500874214302
}
