{
    "kl": 2.7844332744460534,
    "kd": 0.009476876077533503,
    "kb": 0.40761017513617437
}
