{
    "kl": 2.280353454984829,
    "kd": 0.022738245187509498,
    "kb": 0.051859686939415006
}
