{
    "kl": 4.654306601670767,
    "kd": 0.3813471907366698,
    "kb": 3.0641843796430868
}
