{
    "kl": 4.697788687419141,
    "kd": 0.38074540660450645,
    "kb": 3.074423321261915
}
